author_id,作者本名,作者别称,擅长风格,备注,最新更新时间
A001,"['庭師', 'Aoi']",,,,2026-03-24 15:58:17
A002,"['LucaProject', 'NeLiME']",,,,2026-03-24 15:58:17
A003,"['Team Grimoire', 'Aoi']",,,,2026-03-24 15:58:17
A004,Akira Complex,,,,2026-03-24 15:58:17
A005,"['uma', 'モリモリあつし']",,,,2026-03-24 15:58:17
A006,void (Mournfinale),,,,2026-03-24 15:58:17
A007,t+pazolite,,,,2026-03-24 15:58:17
A008,ETIA.,,,,2026-03-24 15:58:17
A009,"['Laur', 'HyuN']",,,,2026-03-24 15:58:17
A010,"['黒皇帝', 'MIssionary']",,,,2026-03-24 15:58:17
A011,MYUKKE.,,,,2026-03-24 15:58:17
A012,Nagiha,,,,2026-03-24 15:58:17
A013,Powerless,,,,2026-03-24 15:58:17
A014,LV.4,,,,2026-03-24 15:58:17
A015,Se-U-Ra,,,,2026-03-24 15:58:17
A016,seatrus,,,,2026-03-24 15:58:17
A017,"['Tatsh', 'Scarlette']",,,,2026-03-24 15:58:17
A018,cybermiso,,,,2026-03-24 15:58:17
A019,"['Kobaryo', 'HyuN']",,,,2026-03-24 15:58:17
A020,"['Ashrount', '打打だいず']",,,,2026-03-24 15:58:17
A021,"['ああああ', '打打だいず']",,,,2026-03-24 15:58:17
A022,Maozon,,,,2026-03-24 15:58:17
A023,RiraN,,,,2026-03-24 15:58:17
A024,Kobaryo,,,,2026-03-24 15:58:17
A025,Raimukun,,,,2026-03-24 15:58:17
A026,Chroma,,,,2026-03-24 15:58:17
A027,Camellia,,,,2026-03-24 15:58:17
A028,"['Tanchiky', '打打だいず']",,,,2026-03-24 15:58:17
A029,Sheet Music Boss,,,,2026-03-24 15:58:17
A030,かねこちはる,,,,2026-03-24 15:58:17
A031,"['t+pazolite', '削除']",,,,2026-03-24 15:58:17
A032,"['USAO', 'DJ Genki']",,,,2026-03-24 15:58:17
A033,['nmk'],,,,2026-03-24 15:58:17
A034,モリモリあつし,,,,2026-03-24 15:58:17
A035,polysha,,,,2026-03-24 15:58:17
A036,"['Scarlette', 'CrYmson']",,,,2026-03-24 15:58:17
A037,Sakuzyo,,,,2026-03-24 15:58:17
A038,Sephid,,,,2026-03-24 15:58:17
A039,TANO*C Sound Team,,,,2026-03-24 15:58:17
A040,ARForest,,,,2026-03-24 15:58:17
A041,DJ Noriken,,,,2026-03-24 15:58:17
A042,DJ Genki,,,,2026-03-24 15:58:17
A043,['HyuN'],,,,2026-03-24 15:58:17
A044,jioyi,,,,2026-03-24 15:58:17
A045,Cansol,,,,2026-03-24 15:58:17
A046,['Sakuzyo'],,,,2026-03-24 15:58:17
A047,['立秋'],,,,2026-03-24 15:58:17
A048,Team Grimoire,,,,2026-03-24 15:58:17
A049,['かめりあ'],,,,2026-03-24 15:58:17
A050,What's Your Price,,,,2026-03-24 15:58:17
A051,Raphiiel,,,,2026-03-24 15:58:17
A052,Aoi,,,,2026-03-24 15:58:17
A053,pan,,,,2026-03-24 15:58:17
A054,siqlo,,,,2026-03-24 15:58:17
A055,cybermiso feat. tigerlily,,,,2026-03-24 15:58:17
A056,みーに,,,,2026-03-24 15:58:17
A057,"['Sakuzyo', 'void']",,,,2026-03-24 15:58:17
A058,Silentroom,,,,2026-03-24 15:58:17
A059,['F Rabbeat'],,,,2026-03-24 15:58:17
A060,"['Srav3R', 'Getty']",,,,2026-03-24 15:58:17
A061,['Ponchi♪'],,,,2026-03-24 15:58:17
A062,eicateve,,,,2026-03-24 15:58:17
A063,kanone,,,,2026-03-24 15:58:17
A064,yoho,,,,2026-03-24 15:58:17
A065,['ETIA.'],,,,2026-03-24 15:58:17
A066,"['7mai', 'nm-y']",,,,2026-03-24 15:58:17
A067,Memme,,,,2026-03-24 15:58:17
A068,すりぃ,,,,2026-03-24 15:58:17
A069,"['siromaru', 'cranky']",,,,2026-03-24 15:58:17
A070,立秋,,,,2026-03-24 15:58:17
A071,['Sobrem'],,,,2026-03-24 15:58:17
A072,7mai,,,,2026-03-24 15:58:17
A073,"['BilliumMoto', 'Silentroom']",,,,2026-03-24 15:58:17
A074,Zris,,,,2026-03-24 15:58:17
A075,EmoCosine,,,,2026-03-24 15:58:17
A076,"['Sobrem', '庭師']",,,,2026-03-24 15:58:17
A077,Laur,,,,2026-03-24 15:58:17
A078,"['Yunosuke', 'テヅカ']",,,,2026-03-24 15:58:17
A079,Yooh,,,,2026-03-24 15:58:17
A080,Yasuha,,,,2026-03-24 15:58:17
A081,HyuN,,,,2026-03-24 15:58:17
A082,Tatsh,,,,2026-03-24 15:58:17
A083,WAiKURO,,,,2026-03-24 15:58:17
A084,Evin a'k,,,,2026-03-24 15:58:17
A085,"['DJ Myosuke', 'Laur']",,,,2026-03-24 15:58:17
A086,['Camellia'],,,,2026-03-24 15:58:17
A087,iTIC,,,,2026-03-24 15:58:17
A088,茶鸣拾贰律,,,,2026-03-24 15:58:17
A089,DECO*27,,,,2026-03-24 15:58:17
A090,"['Altermis', 'Darren']",,,,2026-03-24 15:58:17
A091,PinocchioP,,,,2026-03-24 15:58:17
A092,['BlackY'],,,,2026-03-24 15:58:17
A093,HyuN feat. 蔡花零,,,,2026-03-24 15:58:17
A094,Junk,,,,2026-03-24 15:58:17
A095,ぺのれり(penoreri),,,,2026-03-24 15:58:17
A096,kuro,,,,2026-03-24 15:58:17
A097,['uma'],,,,2026-03-24 15:58:17
A098,nora2r,,,,2026-03-24 15:58:17
A099,tezuka,,,,2026-03-24 15:58:17
A100,ShiBa,,,,2026-03-24 15:58:17
A101,KIRA,,,,2026-03-24 15:58:17
A102,"['PYKAMIA', 'Sakuzyo']",,,,2026-03-24 15:58:17
A103,K4Y5,,,,2026-03-24 15:58:17
A104,Lime,,,,2026-03-24 15:58:17
A105,Halv,,,,2026-03-24 15:58:17
A106,Jun Kuroda,,,,2026-03-24 15:58:17
A107,"['t+pazolite', 'Massive New Krew']",,,,2026-03-24 15:58:17
A108,BilliumMoto,,,,2026-03-24 15:58:17
A109,负离子SYNTHETIC feat.黑泽诺亚NOIR,,,,2026-03-24 15:58:17
A110,Saiph,,,,2026-03-24 15:58:17
A111,RedMuffleR,,,,2026-03-24 15:58:17
A112,Yu_Asahina as Orange Vox+ ft.AKA,,,,2026-03-24 15:58:17
A113,"[""YUC'e""]",,,,2026-03-24 15:58:17
A114,"['Scarlette', 'Juggernaut.']",,,,2026-03-24 15:58:17
A115,"['Lorph', 'Elexia']",,,,2026-03-24 15:58:17
A116,ginkiha,,,,2026-03-24 15:58:17
A117,Sound Souler,,,,2026-03-24 15:58:17
A118,KOTONOHOUSE,,,,2026-03-24 15:58:17
A119,"['テヅカ', 'Qayo']",,,,2026-03-24 15:58:17
A120,わかどり,,,,2026-03-24 15:58:17
A121,影虎。,,,,2026-03-24 15:58:17
A122,"['Srav3R', 'USAO']",,,,2026-03-24 15:58:17
A123,['U-ske'],,,,2026-03-24 15:58:17
A124,"['Yooh', 'siromaru']",,,,2026-03-24 15:58:17
A125,"['TSAR', 'aran']",,,,2026-03-24 15:58:17
A126,SLT,,,,2026-03-24 15:58:17
A127,"['Yunomi', 'nicamoq']",,,,2026-03-24 15:58:17
A128,Nego_tiator,,,,2026-03-24 15:58:17
A129,Kijibato,,,,2026-03-24 15:58:17
A130,litmus*,,,,2026-03-24 15:58:17
A131,aran,,,,2026-03-24 15:58:17
A132,Fujiyori,,,,2026-03-24 15:58:17
A133,"['SOTUI', 'NIKITA']",,,,2026-03-24 15:58:17
A134,Sta,,,,2026-03-24 15:58:17
A135,M2U,,,,2026-03-24 15:58:17
A136,linear ring,,,,2026-03-24 15:58:17
A137,['Aiobahn'],,,,2026-03-24 15:58:17
A138,Zris feat. Katie,,,,2026-03-24 15:58:17
A139,['KOTONOHOUSE'],,,,2026-03-24 15:58:17
A140,INuya,,,,2026-03-24 15:58:17
A141,"['TAG', 'HyuN']",,,,2026-03-24 15:58:17
A142,['みーに'],,,,2026-03-24 15:58:17
A143,ユアミトス,,,,2026-03-24 15:58:17
A144,MIssionary,,,,2026-03-24 15:58:17
A145,白百合リリィ & USAGI Production,,,,2026-03-24 15:58:17
A146,名取さな. &西郷・R・いろり (CV:名取さな) & USAGI Production,,,,2026-03-24 15:58:17
A147,HeavenEGHD,,,,2026-03-24 15:58:17
A148,REDALiCE,,,,2026-03-24 15:58:17
A149,NeLiMe,,,,2026-03-24 15:58:17
A150,memex,,,,2026-03-24 15:58:17
A151,['アリスシャッハと魔法の楽団'],,,,2026-03-24 15:58:17
A152,connexio,,,,2026-03-24 15:58:17
A153,HAMA,,,,2026-03-24 15:58:17
A154,Neutral Moon,,,,2026-03-24 15:58:17
A155,Mameyudoufu,,,,2026-03-24 15:58:17
A156,VeetaCrush,,,,2026-03-24 15:58:17
A157,USAO,,,,2026-03-24 15:58:17
A158,"['t+pazolite', 'Srav3R']",,,,2026-03-24 15:58:17
A159,kradness,,,,2026-03-24 15:58:17
A160,NeLiME,,,,2026-03-24 15:58:17
A161,['Reku Mochizuki'],,,,2026-03-24 15:58:17
A162,"['SOTUI', 'Hundotte']",,,,2026-03-24 15:58:17
A163,Kanaria,,,,2026-03-24 15:58:17
A164,Neko Hacker,,,,2026-03-24 15:58:17
A165,稲葉曇,,,,2026-03-24 15:58:17
A166,K-forest,,,,2026-03-24 15:58:17
A167,WyvernP,,,,2026-03-24 15:58:17
A168,Nota,,,,2026-03-24 15:58:17
A169,"['Silaver', 'SOTUI']",,,,2026-03-24 15:58:17
A170,SOTUI & NIKITA,,,,2026-03-24 15:58:17
A171,rmk,,,,2026-03-24 15:58:17
A172,Ref.Isep,,,,2026-03-24 15:58:17
A173,"['Iris', 'HyuN']",,,,2026-03-24 15:58:17
A174,ZxNX,,,,2026-03-24 15:58:17
A175,打打だいず,,,,2026-03-24 15:58:17
A176,FallN Leav,,,,2026-03-24 15:58:17
A177,すこっぷ,,,,2026-03-24 15:58:17
A178,DRIVE.,,,,2026-03-24 15:58:17
A179,Soba,,,,2026-03-24 15:58:17
A180,UnD3ath,,,,2026-03-24 15:58:17
A181,Supa7onyz,,,,2026-03-24 15:58:17
A182,['Kirara Magic'],,,,2026-03-24 15:58:17
A183,Pica,,,,2026-03-24 15:58:17
A184,長沼浩太(パパ頑張りました),,,,2026-03-24 15:58:17
A185,あおぎり高校 & USAGI Production,,,,2026-03-24 15:58:17
A186,Iris,,,,2026-03-24 15:58:17
A187,['Sad Keyboard Guy'],,,,2026-03-24 15:58:17
A188,Reku Mochizuki,,,,2026-03-24 15:58:17
A189,['PIKASONIC'],,,,2026-03-24 15:58:17
A190,Massive New Krew,,,,2026-03-24 15:58:17
A191,"['HyuN', 'MIIM']",,,,2026-03-24 15:58:17
A192,Sosop,,,,2026-03-24 15:58:17
A193,kurobe studio,,,,2026-03-24 15:58:17
A194,['TSAR'],,,,2026-03-24 15:58:17
A195,MYOYA,,,,2026-03-24 15:58:17
A196,"['Tatsh', 'NAOKI']",,,,2026-03-24 15:58:17
A197,Knighthood,,,,2026-03-24 15:58:17
A198,Liq_mmry,,,,2026-03-24 15:58:17
A199,Polymath9,,,,2026-03-24 15:58:17
A200,Nirotiy,,,,2026-03-24 15:58:17
A201,"['Tetrajectory', 'Ctymax']",,,,2026-03-24 15:58:17
A202,"['SunsetRay', 'NceS']",,,,2026-03-24 15:58:17
A203,神尾光临,,,,2026-03-24 15:58:17
A204,Daison,,,,2026-03-24 15:58:17
A205,HLXQ,,,,2026-03-24 15:58:17
A206,['Tatsh'],,,,2026-03-24 15:58:17
A207,Liquart,,,,2026-03-24 15:58:17
A208,ROKINA,,,,2026-03-24 15:58:17
A209,NceS,,,,2026-03-24 15:58:17
A210,"['Daison', 'Spyro Kong']",,,,2026-03-24 15:58:17
A211,"['Ctymax', 'Antistar']",,,,2026-03-24 15:58:17
A212,Ctymax,,,,2026-03-24 15:58:17
A213,Noah,,,,2026-03-24 15:58:17
A214,"['ZxNX', 'Hiryur']",,,,2026-03-24 15:58:17
A215,硝酸生菜,,,,2026-03-24 15:58:17
A216,黒皇帝,,,,2026-03-24 15:58:17
A217,rareguy,,,,2026-03-24 15:58:17
A218,"['Zris', 'Kri']",,,,2026-03-24 15:58:17
A219,system［Σ］,,,,2026-03-24 15:58:17
A220,adaptor,,,,2026-03-24 15:58:17
A221,dandeless,,,,2026-03-24 15:58:17
A222,Plum,,,,2026-03-24 15:58:17
A223,UN1C0DE,,,,2026-03-24 15:58:17
A224,"['Rabbit House', 'litmus*', 'A. Ki']",,,,2026-03-24 15:58:17
A225,超威蓝猫,,,,2026-03-24 15:58:17
A226,Zekk,,,,2026-03-24 15:58:17
A227,奏音,,,,2026-03-24 15:58:17
A228,mmry,,,,2026-03-24 15:58:17
A229,Spyro Kong,,,,2026-03-24 15:58:17
A230,onoken,,,,2026-03-24 15:58:17
A231,Lax1u57,,,,2026-03-24 15:58:17
A232,Est,,,,2026-03-24 15:58:17
A233,Rukadesu,,,,2026-03-24 15:58:17
A234,"['SunsetRay', 'Ra']",,,,2026-03-24 15:58:17
A235,Metalliz,,,,2026-03-24 15:58:17
A236,['削除'],,,,2026-03-24 15:58:17
A237,AiSS,,,,2026-03-24 15:58:17
A238,['溝口ゆうま'],,,,2026-03-24 15:58:17
A239,"['Reku Mochizuki', 'せやかて硝酸太郎']",,,,2026-03-24 15:58:17
A240,しーけー,,,,2026-03-24 15:58:17
A241,"['らせん', 'Un']",,,,2026-03-24 15:58:17
A242,M-O-T-U,,,,2026-03-24 15:58:17
A243,['Ino'],,,,2026-03-24 15:58:17
A244,"['Zuxin', 'Utsuro']",,,,2026-03-24 15:58:17
A245,['Utsuro'],,,,2026-03-24 15:58:17
A246,"['cranky', 'siromaru']",,,,2026-03-24 15:58:17
A247,BlackY,,,,2026-03-24 15:58:17
A248,['HARDCORE TANO*C'],,,,2026-03-24 15:58:17
A249,PIKASONIC,,,,2026-03-24 15:58:17
A250,"['REDALiCE', 'cosMo@暴走P']",,,,2026-03-24 15:58:17
A251,Blacklolita,,,,2026-03-24 15:58:17
A252,削除,,,,2026-03-24 15:58:17
A253,Srav3R,,,,2026-03-24 15:58:17
A254,负离子SYNTHETIC,,,,2026-03-24 15:58:17
A255,YUC'e,,,,2026-03-24 15:58:17
A256,"['nm-y', 'Kry.exe']",,,,2026-03-24 15:58:17
A257,['Normal1zer'],,,,2026-03-24 15:58:17
A258,"['米虾Fomiki', '初云Cloudie']",,,,2026-03-24 15:58:17
A259,['void (Mournfinale)'],,,,2026-03-24 15:58:17
A260,Prower,,,,2026-03-24 15:58:17
A261,lapix,,,,2026-03-24 15:58:17
A262,['rejection'],,,,2026-03-24 15:58:17
A263,"['Zekk', 'poplavor']",,,,2026-03-24 15:58:17
A264,['AXURA'],,,,2026-03-24 15:58:17
A265,['Mameyudoufu'],,,,2026-03-24 15:58:17
A266,rejection,,,,2026-03-24 15:58:17
A267,YUKIYANAGI,,,,2026-03-24 15:58:17
A268,['litmus'],,,,2026-03-24 15:58:17
A269,VOLTA,,,,2026-03-24 15:58:17
A270,"['siromaru', '打打だいず']",,,,2026-03-24 15:58:17
A271,siromaru,,,,2026-03-24 15:58:17
A272,Linne X SCTL,,,,2026-03-24 15:58:17
A273,kamome sano,,,,2026-03-24 15:58:17
A274,Frums,,,,2026-03-24 15:58:17
A275,wa.,,,,2026-03-24 15:58:17
A276,TAG,,,,2026-03-24 15:58:17
A277,Cosmograph,,,,2026-03-24 15:58:17
A278,xi,,,,2026-03-24 15:58:17
A279,LeaF,,,,2026-03-24 15:58:17
A280,"['HyuN', 'Iris']",,,,2026-03-24 15:58:17
A281,ぺのれり,,,,2026-03-24 15:58:17
A282,['モリモリあつし'],,,,2026-03-24 15:58:17
A283,"['モリモリあつし', 'uma']",,,,2026-03-24 15:58:17
A284,モリモリあつし Remixed by uma,,,,2026-03-24 15:58:17
A285,satella,,,,2026-03-24 15:58:17
A286,Xacla,,,,2026-03-24 15:58:17
A287,SHIKI,,,,2026-03-24 15:58:17
A288,かめりあ,,,,2026-03-24 15:58:17
A289,"['黄泉路テヂーモ', 'dawn-system', 'かゆき']",,,,2026-03-24 15:58:17
A290,['黒皇帝'],,,,2026-03-24 15:58:17
A291,くるぶっこちゃん,,,,2026-03-24 15:58:17
A292,"['wa.', 'ETIA.']",,,,2026-03-24 15:58:17
A293,['ADA'],,,,2026-03-24 15:58:17
A294,黒魔,,,,2026-03-24 15:58:17
A295,Sound piercer,,,,2026-03-24 15:58:17
A296,"['xi', 'Sakuzyo']",,,,2026-03-24 15:58:17
A297,['onoken'],,,,2026-03-24 15:58:17
A298,Ras,,,,2026-03-24 15:58:17
A299,VerseQuence (MJQ・Eri),,,,2026-03-24 15:58:17
A300,"['James Landino', 'Akira Complex']",,,,2026-03-24 15:58:17
A301,"['Supa7onyz', 'SIHanatsuka']",,,,2026-03-24 15:58:17
A302,3R2,,,,2026-03-24 15:58:17
A303,KIVΛ,,,,2026-03-24 15:58:17
A304,"['TAKU1175', '菊池亮太']",,,,2026-03-24 15:58:17
A305,['sta'],,,,2026-03-24 15:58:17
A306,"['THE SxPLAY', 'KIVΛ']",,,,2026-03-24 15:58:17
A307,MYTK,,,,2026-03-24 15:58:17
A308,Euchaeta,,,,2026-03-24 15:58:17
A309,Ayatsugu_Otowa,,,,2026-03-24 15:58:17
A310,Feryquitous,,,,2026-03-24 15:58:17
A311,梅干茶漬け,,,,2026-03-24 15:58:17
A312,"['MeatyRabbit', 'NceS']",,,,2026-03-24 15:58:17
A313,"['Daily天利', 'Cream']",,,,2026-03-24 15:58:17
A314,テヅカ,,,,2026-03-24 15:58:17
A315,Connexio,,,,2026-03-24 15:58:17
A316,['CNHKSS'],,,,2026-03-24 15:58:17
A317,Foodbot,,,,2026-03-24 15:58:17
A318,"['Lundy', 'Wyvren']",,,,2026-03-24 15:58:17
A319,Warak,,,,2026-03-24 15:58:17
A320,MEMME,,,,2026-03-24 15:58:17
A321,Wav.AV,,,,2026-03-24 15:58:17
A322,R300K,,,,2026-03-24 15:58:17
A323,"['KAH', 'E0ri4']",,,,2026-03-24 15:58:17
A324,"['SNKS', 'Mizku']",,,,2026-03-24 15:58:17
A325,"['A-39', '沙包P']",,,,2026-03-24 15:58:17
A326,Ardolf,,,,2026-03-24 15:58:17
A327,"['Reina', 'rareguy']",,,,2026-03-24 15:58:17
A328,Ωμεγα,,,,2026-03-24 15:58:17
A329,['Feryquitous'],,,,2026-03-24 15:58:17
A330,Puru,,,,2026-03-24 15:58:17
A331,"['Halv', 'Fl00t']",,,,2026-03-24 15:58:17
A332,"link""0",,,,2026-03-24 15:58:17
A333,"['Finite Limit', 'SiLiS']",,,,2026-03-24 15:58:17
A334,['Capchii'],,,,2026-03-24 15:58:17
A335,"['WABI', 'r0y']",,,,2026-03-24 15:58:17
A336,"['Reku Mochizuki', 'M-UE']",,,,2026-03-24 15:58:17
A337,"['麻团qwq', 'targ']",,,,2026-03-24 15:58:17
A338,"['ADean', 'JocularACE']",,,,2026-03-24 15:58:17
A339,SOMON,,,,2026-03-24 15:58:17
A340,"['Jungo', 'MAX 3']",,,,2026-03-24 15:58:17
A341,Dolphin,,,,2026-03-24 15:58:17
A342,D_AAN,,,,2026-03-24 15:58:17
A343,"['KURORAK', 'Jehezukiel']",,,,2026-03-24 15:58:17
A344,DJ SHION.Y,,,,2026-03-24 15:58:17
A345,shadow_bling,,,,2026-03-24 15:58:17
A346,"['Salty Salt', 'Unfold33']",,,,2026-03-24 15:58:17
A347,['cybermiso'],,,,2026-03-24 15:58:17
A348,DingerBox,,,,2026-03-24 15:58:17
A349,PRASTIK DANCEFLOOR,,,,2026-03-24 15:58:17
A350,"['光吉猛修', '穴山大輔', '水野健治', 'Kai', '大国奏音']",,,,2026-03-24 15:58:17
A351,NIWASHI,,,,2026-03-24 15:58:17
A352,DJ Raisei,,,,2026-03-24 15:58:17
A353,SYNTHETIC,,,,2026-03-24 15:58:17
A354,imvi,,,,2026-03-24 15:58:17
A355,typeMARS,,,,2026-03-24 15:58:17
A356,BelieverInYou (阿卡姆巫师),,,,2026-03-24 15:58:17
A357,Hinkik & A Himitsu,,,,2026-03-24 15:58:17
A358,"['M2U', 'Pica']",,,,2026-03-24 15:58:17
A359,Θ,,,,2026-03-24 15:58:17
A360,"['V!C', 'Lure', 'Rabbit']",,,,2026-03-24 15:58:17
A361,Rabbit House,,,,2026-03-24 15:58:17
A362,Jade,,,,2026-03-24 15:58:17
A363,Roy Mikelate,,,,2026-03-24 15:58:17
A364,LandRoot,,,,2026-03-24 15:58:17
A365,Attoclef,,,,2026-03-24 15:58:17
A366,"['初云Cloudie', '米虾Fomiki']",,,,2026-03-24 15:58:17
A367,['Supa7onyz'],,,,2026-03-24 15:58:17
A368,"['Sobrem', 'Silentroom']",,,,2026-03-24 15:58:17
A369,['s-don'],,,,2026-03-24 15:58:17
A370,BLACK 0,,,,2026-03-24 15:58:17
A371,"['Scaler', 'Mestie']",,,,2026-03-24 15:58:17
A372,['VeetaCrush'],,,,2026-03-24 15:58:17
A373,Plastic Fruits,,,,2026-03-24 15:58:17
A374,Abyss Idols,,,,2026-03-24 15:58:17
A375,"['DRIVE.', 'Nota']",,,,2026-03-24 15:58:17
A376,姜米條&SumaiLight,,,,2026-03-24 15:58:17
A377,"['姜米條', 'SumaiLight']",,,,2026-03-24 15:58:17
A378,姜米條,,,,2026-03-24 15:58:17
A379,['ETIA'],,,,2026-03-24 15:58:17
A380,"['LUNARiUM', '月见静华']",,,,2026-03-24 15:58:17
A381,アリスシャッハと魔法の楽団,,,,2026-03-24 15:58:17
A382,['Nothing But Requiem'],,,,2026-03-24 15:58:17
A383,TangJuan,,,,2026-03-24 15:58:17
A384,rN,,,,2026-03-24 15:58:17
A385,Forged Reigns,,,,2026-03-24 15:58:17
A386,Rinth_live,,,,2026-03-24 15:58:17
A387,kanoryo,,,,2026-03-24 15:58:17
A388,S9ryne,,,,2026-03-24 15:58:17
A389,Rabpit,,,,2026-03-24 15:58:17
A390,"['Ray Nautica', 'Reku Mochizuki']",,,,2026-03-24 15:58:17
A391,z1on & kyrrin,,,,2026-03-24 15:58:17
A392,Justin Dai,,,,2026-03-24 15:58:17
A393,李化禹,,,,2026-03-24 15:58:17
A394,"['HyuN', 'KLYDIX']",,,,2026-03-24 15:58:17
A395,Limpid,,,,2026-03-24 15:58:17
A396,ぐるたみん,,,,2026-03-24 15:58:17
A397,Hundotte,,,,2026-03-24 15:58:17
A398,P4koo,,,,2026-03-24 15:58:17
A399,SunsetRay,,,,2026-03-24 15:58:17
A400,Sera Amagi,,,,2026-03-24 15:58:17
A401,KAH,,,,2026-03-24 15:58:17
A402,"['SumaiLight', 'Z ClaxX']",,,,2026-03-24 15:58:17
A403,椒盐菠萝,,,,2026-03-24 15:58:17
A404,Cashew,,,,2026-03-24 15:58:17
A405,Joulez,,,,2026-03-24 15:58:17
A406,iF,,,,2026-03-24 15:58:17
A407,kozato snow,,,,2026-03-24 15:58:17
A408,"['ルゼ', 'DETRO']",,,,2026-03-24 15:58:17
A409,ルゼ,,,,2026-03-24 15:58:17
A410,"['adaptor', 'DRIVE.']",,,,2026-03-24 15:58:17
A411,Fl00t,,,,2026-03-24 15:58:17
A412,SCTL,,,,2026-03-24 15:58:17
A413,PTB10,,,,2026-03-24 15:58:17
A414,"['Grand Thaw', 'Rigël Theatre']",,,,2026-03-24 15:58:17
A415,MALVA.,,,,2026-03-24 15:58:17
A416,A-39,,,,2026-03-24 15:58:17
A417,EnFr,,,,2026-03-24 15:58:17
A418,"['Star*', '1112']",,,,2026-03-24 15:58:17
A419,A-39/沙包P,,,,2026-03-24 15:58:17
A420,Dachs,,,,2026-03-24 15:58:17
A421,['LeaF'],,,,2026-03-24 15:58:17
A422,ElousΛ.-FZ,,,,2026-03-24 15:58:17
A423,Kry.exe,,,,2026-03-24 15:58:17
A424,Tetrajectory,,,,2026-03-24 15:58:17
A425,Quree,,,,2026-03-24 15:58:17
A426,tokiwa,,,,2026-03-24 15:58:17
A427,['ZxNX'],,,,2026-03-24 15:58:17
A428,['P4koo'],,,,2026-03-24 15:58:17
A429,Paul Bazooka,,,,2026-03-24 15:58:17
A430,EBIMAYO,,,,2026-03-24 15:58:17
A431,rider,,,,2026-03-24 15:58:17
A432,['WyvernP'],,,,2026-03-24 15:58:17
A433,CAP3,,,,2026-03-24 15:58:17
A434,DarTokki,,,,2026-03-24 15:58:17
A435,EmoCo.,,,,2026-03-24 15:58:17
A436,lixound,,,,2026-03-24 15:58:17
A437,SaMZIng,,,,2026-03-24 15:58:17
A438,"['NceS', 'Ctymax']",,,,2026-03-24 15:58:17
A439,"['姜米條', 'FLuoRiTe']",,,,2026-03-24 15:58:17
A440,1N6Fs,,,,2026-03-24 15:58:17
A441,Ju_E,,,,2026-03-24 15:58:17
A442,['姜米條'],,,,2026-03-24 15:58:17
A443,"['Apo11o program', 'お月さま交響曲']",,,,2026-03-24 15:58:17
A444,闫东炜,,,,2026-03-24 15:58:17
A445,Likey,,,,2026-03-24 15:58:17
A446,CrossingSound,,,,2026-03-24 15:58:17
A447,"['Ctymax', 'NceS']",,,,2026-03-24 15:58:17
A448,OnlyMyBlackScore,,,,2026-03-24 15:58:17
A449,SOTUI,,,,2026-03-24 15:58:17
A450,BlueWind,,,,2026-03-24 15:58:17
A451,MonstDeath,,,,2026-03-24 15:58:17
A452,"['Antistar', 'Ctymax']",,,,2026-03-24 15:58:17
A453,Itsuki,,,,2026-03-24 15:58:17
A454,Megalo_PaleWhite,,,,2026-03-24 15:58:17
A455,Tanchiky,,,,2026-03-24 15:58:17
A456,"['YUE.STEVEN', 'uen']",,,,2026-03-24 15:58:17
A457,"['小红Akane', '李祥晖']",,,,2026-03-24 15:58:17
A458,"['符白牙', 'SiYFics']",,,,2026-03-24 15:58:17
A459,Asuka,,,,2026-03-24 15:58:17
A460,Friedwav,,,,2026-03-24 15:58:17
A461,Alan Mackin,,,,2026-03-24 15:58:17
A462,"['RAI', '小夜']",,,,2026-03-24 15:58:17
A463,igoo2u,,,,2026-03-24 15:58:17
A464,xh白女士hx,,,,2026-03-24 15:58:17
A465,Knightmare0,,,,2026-03-24 15:58:17
A466,"['SaMZIng', 'TSAR']",,,,2026-03-24 15:58:17
A467,"['SamaR3N w', 'Koto Spirit']",,,,2026-03-24 15:58:17
A468,CaraCORE,,,,2026-03-24 15:58:17
A469,uma,,,,2026-03-24 15:58:17
A470,"['DySkyLan', 'VAlzpary']",,,,2026-03-24 15:58:17
A471,かゆき,,,,2026-03-24 15:58:17
A472,"['AiSS', 'Fuuryn.G']",,,,2026-03-24 15:58:17
A473,"['kiraku', 'Akira Complex']",,,,2026-03-24 15:58:17
A474,RyouRyou,,,,2026-03-24 15:58:17
A475,ADA,,,,2026-03-24 15:58:17
A476,WABI,,,,2026-03-24 15:58:17
A477,Avans,,,,2026-03-24 15:58:17
A478,Arch,,,,2026-03-24 15:58:17
A479,['Hagali'],,,,2026-03-24 15:58:17
A480,"['Siromaru', 'Cranky']",,,,2026-03-24 15:58:17
A481,"['Daily天利', 'Roon_kun']",,,,2026-03-24 15:58:17
A482,LUNARiUM,,,,2026-03-24 15:58:17
A483,Family Farce,,,,2026-03-24 15:58:17
A484,Rigël Theatre,,,,2026-03-24 15:58:17
A485,HyuN feat. LyuU,,,,2026-03-24 15:58:17
A486,Rayson,,,,2026-03-24 15:58:17
A487,"['qfeileadh', 'レゾナンスもえこ']",,,,2026-03-24 15:58:17
A488,"['The Doll Reaper', 'Knighthood']",,,,2026-03-24 15:58:17
A489,['後藤'],,,,2026-03-24 15:58:17
A490,ああああ,,,,2026-03-24 15:58:17
A491,The Musical Ghost,,,,2026-03-24 15:58:17
A492,"['RYOQUCHA', 'CS4W']",,,,2026-03-24 15:58:17
A493,ariiol,,,,2026-03-24 15:58:17
A494,tn-shi,,,,2026-03-24 15:58:17
A495,RAI,,,,2026-03-24 15:58:17
A496,Solanum Tuberosum,,,,2026-03-24 15:58:17
A497,P3T,,,,2026-03-24 15:58:17
A498,Wooden,,,,2026-03-24 15:58:17
A499,['AiSS'],,,,2026-03-24 15:58:17
A500,PYKAMIA,,,,2026-03-24 15:58:17
A501,"['3R2', 'PYKAMIA']",,,,2026-03-24 15:58:17
A502,Luna Asuka,,,,2026-03-24 15:58:17
A503,['负离子SYNTHETIC'],,,,2026-03-24 15:58:17
A504,"['EndCat-终猫', 'ハリネズミ頭の大魔王']",,,,2026-03-24 15:58:17
A505,Ucixyel,,,,2026-03-24 15:58:17
A506,Bob Hou#KITSUNE,,,,2026-03-24 15:58:17
A507,Roon_kun,,,,2026-03-24 15:58:17
A508,Kaori<Master/B3>Aizawa,,,,2026-03-24 15:58:17
A509,Project Myth,,,,2026-03-24 15:58:17
A510,street,,,,2026-03-24 15:58:17
A511,ruha,,,,2026-03-24 15:58:17
A512,satie,,,,2026-03-24 15:58:17
A513,Tiny Minim,,,,2026-03-24 15:58:17
A514,yourmythos,,,,2026-03-24 15:58:17
A515,Human Servant,,,,2026-03-24 15:58:17
A516,"['Raphiiel', '5KiLOBYTE']",,,,2026-03-24 15:58:17
A517,Orzmic Sound Team,,,,2026-03-24 15:58:17
A518,WilsEnder,,,,2026-03-24 15:58:17
A519,"['All_Life_X', 'CPSQUQI']",,,,2026-03-24 15:58:17
A520,DJ ZED,,,,2026-03-24 15:58:17
A521,DayStars,,,,2026-03-24 15:58:17
A522,Greetea feat.ninnikuu,,,,2026-03-24 15:58:17
A523,"['Finite Limit', 'takehirotei']",,,,2026-03-24 15:58:17
A524,Daystars,,,,2026-03-24 15:58:17
A525,Riya,,,,2026-03-24 15:58:17
A526,悠叶いのり,,,,2026-03-24 15:58:17
A527,"['TAOTIE', 'Gasai_Tomoya']",,,,2026-03-24 15:58:17
A528,['佑木いずみ'],,,,2026-03-24 15:58:17
A529,repellentic,,,,2026-03-24 15:58:17
A530,"['All_Life-X', 'MXTC']",,,,2026-03-24 15:58:17
A531,EndCat-终猫,,,,2026-03-24 15:58:17
A532,PoppoOVO,,,,2026-03-24 15:58:17
A533,烈风,,,,2026-03-24 15:58:17
A534,"['DJ Zed', 'Darren']",,,,2026-03-24 15:58:17
A535,Shanom,,,,2026-03-24 15:58:17
A536,OutLogic,,,,2026-03-24 15:58:17
A537,DeBisco,,,,2026-03-24 15:58:17
A538,Night Yard,,,,2026-03-24 15:58:17
A539,INBOX WG,,,,2026-03-24 15:58:17
A540,Essbee,,,,2026-03-24 15:58:17
A541,Axya,,,,2026-03-24 15:58:17
A542,U-ske,,,,2026-03-24 15:58:17
A543,Project G,,,,2026-03-24 15:58:17
A544,Daily,,,,2026-03-24 15:58:17
A545,Street,,,,2026-03-24 15:58:17
A546,"['Rukadesu', 'nowhere.to_go']",,,,2026-03-24 15:58:17
A547,4_16,,,,2026-03-24 15:58:17
A548,"['Neutral Moon', 'MK']",,,,2026-03-24 15:58:17
A549,Seo,,,,2026-03-24 15:58:17
A550,Aspid Cat,,,,2026-03-24 15:58:17
A551,"['Titan Chaos', 'SaMZIng']",,,,2026-03-24 15:58:17
A552,Vau Boy,,,,2026-03-24 15:58:17
A553,Meaty Rabbit,,,,2026-03-24 15:58:17
A554,"['沙包P', 'A-39']",,,,2026-03-24 15:58:17
A555,"['姜米條', '阿卡姆巫师']",,,,2026-03-24 15:58:17
A556,SIRIUS,,,,2026-03-24 15:58:17
A557,SEPHID,,,,2026-03-24 15:58:17
A558,Juggernaut.,,,,2026-03-24 15:58:17
A559,Sobrem,,,,2026-03-24 15:58:17
A560,Sobrem a.k.a. Widowmaker,,,,2026-03-24 15:58:17
A561,Meine Meinung,,,,2026-03-24 15:58:17
A562,"['响', 'Jan Kartanidze', '星幂Elroy']",,,,2026-03-24 15:58:17
A563,"['Akira Complex', 'James Landino']",,,,2026-03-24 15:58:17
A564,"['aran', 'DJ', 'Noriken']",,,,2026-03-24 15:58:17
A565,NOMA,,,,2026-03-24 15:58:17
A566,['iKz'],,,,2026-03-24 15:58:17
A567,Meram1n,,,,2026-03-24 15:58:17
A568,"['Scarlette', 'Tatsh']",,,,2026-03-24 15:58:17
A569,"['MYULee', 'kuripurin', 'kyue']",,,,2026-03-24 15:58:17
A570,"['CrYmson', 'Scarlette']",,,,2026-03-24 15:58:17
