rel_id,游戏1编号,游戏2编号,游戏1名称,游戏2名称,联动名称,联动时间,联动版本,说明,最新更新时间
Rotaeno_Rotaeno+Arcaea_20240829,Rotaeno,0,,Rotaeno+Arcaea,,2024-08-29,,,2026-03-23 23:01:15
Rotaeno_Paradigm: Reboot_20241001,Rotaeno,0,,Paradigm: Reboot,,2024-10-01,,,2026-03-23 23:01:15
Rotaeno_Lanota_20240418,Rotaeno,0,,Lanota,,2024-04-18,,,2026-03-23 23:01:15
Rotaeno_Phigros_20231205,Rotaeno,0,,Phigros,,2023-12-05,,,2026-03-23 23:01:15
Rotaeno_Arcaea_20240829,Rotaeno,0,,Arcaea,,2024-08-29,,,2026-03-23 23:01:15
Rotaeno_WACCA_20221019,Rotaeno,0,,WACCA,,2022-10-19,,,2026-03-23 23:01:15
Rotaeno_Rizline_20250127,Rotaeno,0,,Rizline,,2025-01-27,,,2026-03-23 23:01:15
Rotaeno_Kalpa_20230705,Rotaeno,0,,Kalpa,,2023-07-05,,,2026-03-23 23:01:15
Rotaeno_MUSYNC_20240208,Rotaeno,0,,MUSYNC,,2024-02-08,,,2026-03-23 23:01:15
Rotaeno_vivid/stasis_20241031,Rotaeno,0,,vivid/stasis,,2024-10-31,,,2026-03-23 23:01:15
Paradigm: Reboot_Phigros_20230410,Paradigm: Reboot,0,,Phigros,,2023-04-10,,,2026-03-23 23:01:15
Paradigm: Reboot_Rizline_20230410,Paradigm: Reboot,0,,Rizline,,2023-04-10,,,2026-03-23 23:01:15
Paradigm: Reboot_Dynamix_20230901,Paradigm: Reboot,0,,Dynamix,,2023-09-01,,,2026-03-23 23:01:15
Paradigm: Reboot_Dynamix_20231230,Paradigm: Reboot,0,,Dynamix,,2023-12-30,,,2026-03-23 23:01:15
Paradigm: Reboot_WACCA_20240209,Paradigm: Reboot,0,,WACCA,,2024-02-09,,,2026-03-23 23:01:15
Paradigm: Reboot_Arcaea_20240325,Paradigm: Reboot,0,,Arcaea,,2024-03-25,,,2026-03-23 23:01:15
Paradigm: Reboot_Phigros_20240405,Paradigm: Reboot,0,,Phigros,,2024-04-05,,,2026-03-23 23:01:15
Paradigm: Reboot_Lanota_20240725,Paradigm: Reboot,0,,Lanota,,2024-07-25,,,2026-03-23 23:01:15
Paradigm: Reboot_Lanota_20240809,Paradigm: Reboot,0,,Lanota,,2024-08-09,,,2026-03-23 23:01:15
Paradigm: Reboot_Rotaeno_20241001,Paradigm: Reboot,0,,Rotaeno,,2024-10-01,,,2026-03-23 23:01:15
Paradigm: Reboot_Voez_20241227,Paradigm: Reboot,0,,Voez,,2024-12-27,,,2026-03-23 23:01:15
Paradigm: Reboot_Cytus II_20241227,Paradigm: Reboot,0,,Cytus II,,2024-12-27,,,2026-03-23 23:01:15
Paradigm: Reboot_Cytus II_20250117,Paradigm: Reboot,0,,Cytus II,,2025-01-17,,,2026-03-23 23:01:15
Paradigm: Reboot_Voez_20250117,Paradigm: Reboot,0,,Voez,,2025-01-17,,,2026-03-23 23:01:15
Phigros_Berry Melody_20241229,Phigros,0,,Berry Melody,,2024-12-29,,,2026-03-23 23:01:15
Phigros_vivid/stasis_20241129,Phigros,0,,vivid/stasis,,2024-11-29,,,2026-03-23 23:01:15
Phigros_节奏大师_20241019,Phigros,0,,节奏大师,,2024-10-19,,,2026-03-23 23:01:15
Phigros_Chunithm_20240831,Phigros,0,,Chunithm,,2024-08-31,,,2026-03-23 23:01:15
Phigros_TAKUMI³_20240726,Phigros,0,,TAKUMI³,,2024-07-26,,,2026-03-23 23:01:15
Phigros_SHINOBI SLASH_20240628,Phigros,0,,SHINOBI SLASH,,2024-06-28,,,2026-03-23 23:01:15
Phigros_Arcaea_20240426,Phigros,0,,Arcaea,,2024-04-26,,,2026-03-23 23:01:15
Phigros_Paradigm: Reboot_20240405,Phigros,0,,Paradigm: Reboot,,2024-04-05,,,2026-03-23 23:01:15
Phigros_Rotaeno_20240119,Phigros,0,,Rotaeno,,2024-01-19,,,2026-03-23 23:01:15
Phigros_Chunithm_20231215,Phigros,0,,Chunithm,,2023-12-15,,,2026-03-23 23:01:15
Phigros_Rotaeno_20231117,Phigros,0,,Rotaeno,,2023-11-17,,,2026-03-23 23:01:15
Phigros_OverRapid_20230609,Phigros,0,,OverRapid,,2023-06-09,,,2026-03-23 23:01:15
Phigros_Phigros x Overrapid_20230609,Phigros,0,,Phigros x Overrapid,,2023-06-09,,,2026-03-23 23:01:15
Phigros_Paradigm: Reboot_20230331,Phigros,0,,Paradigm: Reboot,,2023-03-31,,,2026-03-23 23:01:15
Phigros_Lanota_20220610,Phigros,0,,Lanota,,2022-06-10,,,2026-03-23 23:01:15
Phigros_KALPA_20211224,Phigros,0,,KALPA,,2021-12-24,,,2026-03-23 23:01:15
Phigros_Muse Dash_20210528,Phigros,0,,Muse Dash,,2021-05-28,,,2026-03-23 23:01:15
Phigros_WAVEAT_20210430,Phigros,0,,WAVEAT,,2021-04-30,,,2026-03-23 23:01:15
Phigros_MUSYNC_20200831,Phigros,0,,MUSYNC,,2020-08-31,,,2026-03-23 23:01:15
Orzmic_镜之塔_20230922,Orzmic,0,,镜之塔,,2023-09-22,,,2026-03-23 23:01:15
Orzmic_Milthm x Notanote_20241019,Orzmic,0,,Milthm x Notanote,,2024-10-19,,,2026-03-23 23:01:15
Orzmic_Dance Cube_20221231,Orzmic,0,,Dance Cube,,2022-12-31,,,2026-03-23 23:01:15
Orzmic_MUSYNC_20230621,Orzmic,0,,MUSYNC,,2023-06-21,,,2026-03-23 23:01:15
Orzmic_SparkLine_20231118,Orzmic,0,,SparkLine,,2023-11-18,,,2026-03-23 23:01:15
Orzmic_Lanota_20240308,Orzmic,0,,Lanota,,2024-03-08,,,2026-03-23 23:01:15
Rizline_Paradigm: Reboot_20230410,Rizline,0,,Paradigm: Reboot,,2023-04-10,,,2026-03-23 23:01:15
Rizline_Tone Sphere_20240517,Rizline,0,,Tone Sphere,,2024-05-17,,,2026-03-23 23:01:15
Rizline_Tone Sphere_20240524,Rizline,0,,Tone Sphere,,2024-05-24,,,2026-03-23 23:01:15
Rizline_Tone Sphere_20240531,Rizline,0,,Tone Sphere,,2024-05-31,,,2026-03-23 23:01:15
Rizline_Cytus II_20240825,Rizline,0,,Cytus II,,2024-08-25,,,2026-03-23 23:01:15
Rizline_Muse Dash_20240825,Rizline,0,,Muse Dash,,2024-08-25,,,2026-03-23 23:01:15
Rizline_Kalpa_20241025,Rizline,0,,Kalpa,,2024-10-25,,,2026-03-23 23:01:15
Rizline_Kalpa_20241108,Rizline,0,,Kalpa,,2024-11-08,,,2026-03-23 23:01:15
Rizline_Rotaeno_20250128,Rizline,0,,Rotaeno,,2025-01-28,,,2026-03-23 23:01:15
